<?xml version="1.0" encoding="UTF-8"?>
<GenRun Id="impl_1" LaunchPart="xc7a100tcsg324-1" LaunchTime="1617276301">
  <File Type="ROUTE-PWR" Name="ALU_power_routed.rpt"/>
  <File Type="PA-TCL" Name="ALU.tcl"/>
  <File Type="ROUTE-PWR-SUM" Name="ALU_power_summary_routed.pb"/>
  <File Type="REPORTS-TCL" Name="ALU_reports.tcl"/>
  <File Type="BITSTR-MSK" Name="ALU.msk"/>
  <File Type="ROUTE-CLK" Name="ALU_clock_utilization_routed.rpt"/>
  <File Type="RDI-RDI" Name="ALU.vdi"/>
  <File Type="BG-BIT" Name="ALU.bit"/>
  <File Type="BG-DRC" Name="ALU.drc"/>
  <File Type="BG-BGN" Name="ALU.bgn"/>
  <File Type="BG-BIN" Name="ALU.bin"/>
  <File Type="BITSTR-RBT" Name="ALU.rbt"/>
  <File Type="BITSTR-NKY" Name="ALU.nky"/>
  <File Type="BITSTR-BMM" Name="ALU_bd.bmm"/>
  <File Type="ROUTE-METHODOLOGY-DRC" Name="ALU_methodology_drc_routed.rpt"/>
  <File Type="BITSTR-MMI" Name="ALU.mmi"/>
  <File Type="ROUTE-METHODOLOGY-DRC-PB" Name="ALU_methodology_drc_routed.pb"/>
  <File Type="BITSTR-SYSDEF" Name="ALU.sysdef"/>
  <File Type="ROUTE-DRC-RPX" Name="ALU_drc_routed.rpx"/>
  <File Type="BITSTR-LTX" Name="debug_nets.ltx"/>
  <File Type="BITSTR-LTX" Name="ALU.ltx"/>
  <File Type="RCFI_FILE" Name="ALU.rcfi"/>
  <File Type="WBT-USG" Name="usage_statistics_webtalk.html"/>
  <File Type="OPT-DRC" Name="ALU_drc_opted.rpt"/>
  <File Type="OPT-HWDEF" Name="ALU.hwdef"/>
  <File Type="PLACE-IO" Name="ALU_io_placed.rpt"/>
  <File Type="PLACE-UTIL" Name="ALU_utilization_placed.rpt"/>
  <File Type="PLACE-UTIL-PB" Name="ALU_utilization_placed.pb"/>
  <File Type="PLACE-CTRL" Name="ALU_control_sets_placed.rpt"/>
  <File Type="PLACE-PRE-SIMILARITY" Name="ALU_incremental_reuse_pre_placed.rpt"/>
  <File Type="ROUTE-DRC" Name="ALU_drc_routed.rpt"/>
  <File Type="ROUTE-DRC-PB" Name="ALU_drc_routed.pb"/>
  <File Type="ROUTE-PWR-RPX" Name="ALU_power_routed.rpx"/>
  <File Type="ROUTE-STATUS" Name="ALU_route_status.rpt"/>
  <File Type="ROUTE-STATUS-PB" Name="ALU_route_status.pb"/>
  <File Type="ROUTE-DCP" Name="ALU_routed.dcp"/>
  <File Type="ROUTE-ERROR-DCP" Name="ALU_routed_error.dcp"/>
  <File Type="ROUTE-BLACKBOX-DCP" Name="ALU_routed_bb.dcp"/>
  <File Type="ROUTE-TIMINGSUMMARY" Name="ALU_timing_summary_routed.rpt"/>
  <File Type="ROUTE-TIMING-PB" Name="ALU_timing_summary_routed.pb"/>
  <File Type="ROUTE-TIMING-RPX" Name="ALU_timing_summary_routed.rpx"/>
  <File Type="ROUTE-BUS-SKEW" Name="ALU_bus_skew_routed.rpt"/>
  <File Type="ROUTE-BUS-SKEW-PB" Name="ALU_bus_skew_routed.pb"/>
  <File Type="ROUTE-BUS-SKEW-RPX" Name="ALU_bus_skew_routed.rpx"/>
  <File Type="OPT-DCP" Name="ALU_opt.dcp"/>
  <File Type="PLACE-DCP" Name="ALU_placed.dcp"/>
  <File Type="PWROPT-DCP" Name="ALU_pwropt.dcp"/>
  <File Type="POSTPLACE-PWROPT-DCP" Name="ALU_postplace_pwropt.dcp"/>
  <File Type="PHYSOPT-DCP" Name="ALU_physopt.dcp"/>
  <File Type="POSTROUTE-PHYSOPT-DCP" Name="ALU_postroute_physopt.dcp"/>
  <File Type="POSTROUTE-PHYSOPT-BLACKBOX-DCP" Name="ALU_postroute_physopt_bb.dcp"/>
  <File Type="ROUTE-METHODOLOGY-DRC-RPX" Name="ALU_methodology_drc_routed.rpx"/>
  <File Type="PDI-FILE" Name="ALU.pdi"/>
  <File Type="CFI_FILE" Name="ALU.cfi"/>
  <File Type="RNPI_FILE" Name="ALU.rnpi"/>
  <File Type="NPI_FILE" Name="ALU.npi"/>
  <File Type="RBD_FILE" Name="ALU.rbd"/>
  <FileSet Name="sources" Type="DesignSrcs" RelSrcDir="$PSRCDIR/sources_1" RelGenDir="$PGENDIR/sources_1">
    <Filter Type="Srcs"/>
    <File Path="$PSRCDIR/sources_1/new/ALU.v">
      <FileInfo>
        <Attr Name="ImportPath" Val="D:/USTC/COD_LAB_2021/lab1/ALU/ALU.srcs/sources_1/new/ALU.v"/>
        <Attr Name="ImportTime" Val="1617704359"/>
        <Attr Name="UsedIn" Val="synthesis"/>
        <Attr Name="UsedIn" Val="implementation"/>
        <Attr Name="UsedIn" Val="simulation"/>
      </FileInfo>
    </File>
    <Config>
      <Option Name="DesignMode" Val="RTL"/>
      <Option Name="TopModule" Val="ALU"/>
      <Option Name="TopAutoSet" Val="TRUE"/>
    </Config>
  </FileSet>
  <FileSet Name="constrs_in" Type="Constrs" RelSrcDir="$PSRCDIR/constrs_1">
    <Filter Type="Constrs"/>
    <File Path="$PSRCDIR/constrs_1/new/ALU_constraints.xdc">
      <FileInfo>
        <Attr Name="ImportPath" Val="D:/USTC/COD_LAB_2021/lab1/ALU/ALU.srcs/constrs_1/new/ALU_constraints.xdc"/>
        <Attr Name="ImportTime" Val="1618322291"/>
        <Attr Name="UsedIn" Val="synthesis"/>
        <Attr Name="UsedIn" Val="implementation"/>
      </FileInfo>
    </File>
    <Config>
      <Option Name="ConstrsType" Val="XDC"/>
    </Config>
  </FileSet>
  <FileSet Name="utils" Type="Utils" RelSrcDir="$PSRCDIR/utils_1">
    <Filter Type="Utils"/>
    <Config>
      <Option Name="TopAutoSet" Val="TRUE"/>
    </Config>
  </FileSet>
  <Strategy Version="1" Minor="2">
    <StratHandle Name="Vivado Implementation Defaults" Flow="Vivado Implementation 2020"/>
    <Step Id="init_design"/>
    <Step Id="opt_design"/>
    <Step Id="power_opt_design"/>
    <Step Id="place_design"/>
    <Step Id="post_place_power_opt_design"/>
    <Step Id="phys_opt_design"/>
    <Step Id="route_design"/>
    <Step Id="post_route_phys_opt_design"/>
    <Step Id="write_bitstream"/>
    <Step Id="write_device_image"/>
  </Strategy>
</GenRun>
