<?xml version="1.0" encoding="UTF-8"?>
<GenRun Id="synth_1" LaunchPart="xc7a100tcsg324-1" LaunchTime="1617276301">
  <File Type="PA-TCL" Name="ALU.tcl"/>
  <File Type="REPORTS-TCL" Name="ALU_reports.tcl"/>
  <File Type="RDS-RDS" Name="ALU.vds"/>
  <File Type="RDS-UTIL" Name="ALU_utilization_synth.rpt"/>
  <File Type="RDS-UTIL-PB" Name="ALU_utilization_synth.pb"/>
  <File Type="RDS-DCP" Name="ALU.dcp"/>
  <FileSet Name="sources" Type="DesignSrcs" RelSrcDir="$PSRCDIR/sources_1" RelGenDir="$PGENDIR/sources_1">
    <Filter Type="Srcs"/>
    <File Path="$PSRCDIR/sources_1/new/ALU.v">
      <FileInfo>
        <Attr Name="ImportPath" Val="D:/USTC/COD_LAB_2021/lab1/ALU/ALU.srcs/sources_1/new/ALU.v"/>
        <Attr Name="ImportTime" Val="1617704359"/>
        <Attr Name="UsedIn" Val="synthesis"/>
        <Attr Name="UsedIn" Val="implementation"/>
        <Attr Name="UsedIn" Val="simulation"/>
      </FileInfo>
    </File>
    <Config>
      <Option Name="DesignMode" Val="RTL"/>
      <Option Name="TopModule" Val="ALU"/>
      <Option Name="TopAutoSet" Val="TRUE"/>
    </Config>
  </FileSet>
  <FileSet Name="constrs_in" Type="Constrs" RelSrcDir="$PSRCDIR/constrs_1">
    <Filter Type="Constrs"/>
    <File Path="$PSRCDIR/constrs_1/new/ALU_constraints.xdc">
      <FileInfo>
        <Attr Name="ImportPath" Val="D:/USTC/COD_LAB_2021/lab1/ALU/ALU.srcs/constrs_1/new/ALU_constraints.xdc"/>
        <Attr Name="ImportTime" Val="1618322291"/>
        <Attr Name="UsedIn" Val="synthesis"/>
        <Attr Name="UsedIn" Val="implementation"/>
      </FileInfo>
    </File>
    <Config>
      <Option Name="ConstrsType" Val="XDC"/>
    </Config>
  </FileSet>
  <FileSet Name="utils" Type="Utils" RelSrcDir="$PSRCDIR/utils_1">
    <Filter Type="Utils"/>
    <Config>
      <Option Name="TopAutoSet" Val="TRUE"/>
    </Config>
  </FileSet>
  <Strategy Version="1" Minor="2">
    <StratHandle Name="Vivado Synthesis Defaults" Flow="Vivado Synthesis 2020"/>
    <Step Id="synth_design"/>
  </Strategy>
</GenRun>
